ID,gForceX,gForceY,gForceZ,rotX,rotY,rotZ,rawWeight
1,0.92,0.0,0.0,-59.95,2.64,0.43,2779
2,0.93,-0.0,-0.0,-59.98,2.65,0.43,2796
3,0.92,-0.0,0.0,-58.53,2.59,0.31,2788
4,0.92,-0.01,0.01,-60.07,2.72,0.24,2848
5,0.93,-0.01,0.0,-58.79,2.67,0.4,2856
6,0.93,-0.0,0.01,-69.86,2.63,0.43,2814
7,0.92,-0.0,-0.0,-70.04,2.56,0.35,2755
8,0.93,-0.01,0.0,-51.96,2.69,0.36,2833
9,0.93,0.0,-0.0,-70.44,2.75,0.51,2899
10,0.93,-0.01,-0.0,-69.92,2.56,0.44,2887
11,0.92,-0.0,0.0,-59.56,2.44,0.35,2856
12,0.92,0.0,0.0,-59.4,2.82,0.26,2815
13,0.92,-0.0,-0.0,-59.66,2.71,0.44,2804
14,0.92,-0.0,0.0,-61.23,2.56,0.27,2807
15,0.93,-0.0,-0.0,-59.24,2.66,0.25,2876
16,0.93,-0.01,0.01,-58.76,2.57,0.4,2924
17,0.92,-0.0,-0.0,-58.67,2.59,0.44,2877
18,0.92,-0.0,0.01,-58.56,2.57,0.32,2944
19,0.93,-0.01,0.0,-58.56,2.51,0.46,2935
20,0.92,0.0,-0.0,-58.93,2.64,0.42,2924
21,0.92,-0.0,-0.0,-58.6,2.56,0.45,2979
22,0.92,-0.0,0.0,-58.19,2.58,0.5,2957
23,0.92,0.0,0.0,-58.63,2.35,0.43,2888
24,0.93,-0.01,-0.0,-58.76,2.52,0.34,2919
25,0.92,0.0,0.01,-59.26,2.76,0.6,3008
26,0.92,-0.01,0.0,-58.95,2.68,0.32,3031
27,0.93,-0.0,0.0,-59.06,2.65,0.45,2976
28,0.93,-0.0,0.01,-59.05,3.05,0.74,2963
29,0.92,-0.0,0.01,-58.52,2.81,0.32,2699
30,0.92,0.01,0.01,-59.02,2.55,0.44,396
31,0.92,-0.0,-0.0,-58.92,2.76,0.48,222
32,0.92,-0.0,-0.0,-59.37,2.85,0.42,2523
33,0.93,-0.01,-0.0,-58.83,2.5,-0.15,1205
34,0.94,0.0,0.0,-58.92,2.84,0.55,-3331
35,0.92,-0.0,0.01,-59.27,2.53,0.68,-7081
36,0.93,-0.0,-0.0,-59.0,2.61,0.4,-25519
37,0.92,0.0,0.01,-59.31,2.66,0.34,-27094
38,0.92,-0.0,-0.0,-59.18,2.61,0.51,-9400
39,0.93,-0.0,0.01,-59.31,2.64,0.28,-2023
40,0.93,0.0,-0.01,-59.03,2.5,0.42,1952
41,0.92,-0.0,0.0,-59.21,2.6,0.25,2771
42,0.92,-0.0,-0.0,-59.11,2.79,0.42,-3158
43,0.92,0.01,-0.01,-59.17,2.74,0.17,-14927
44,0.93,-0.0,0.0,-59.4,2.68,-0.37,-26390
45,0.92,0.05,-0.01,-58.95,2.82,-9.76,-41701
46,0.93,0.01,0.01,-59.18,2.92,-3.53,-60664
47,0.92,0.03,0.0,-59.03,3.35,-7.47,-107743
48,0.92,0.05,0.01,-58.69,2.87,-13.57,-214163
49,0.92,0.1,0.01,-58.63,3.11,-24.66,-339057
50,0.92,0.15,0.0,-57.98,3.36,-36.47,-447509
51,0.9,0.22,0.0,-57.64,3.76,-49.18,-498746
52,0.87,0.33,0.0,-57.67,3.63,-62.89,-517920
53,0.83,0.45,-0.02,-56.79,3.46,-77.22,-530159
54,0.78,0.58,-0.01,-56.21,4.93,-91.49,-554674
55,0.65,0.71,-0.03,-56.01,4.13,-104.42,-579995
56,0.51,0.81,-0.02,-55.45,3.63,-115.9,-564953
57,0.31,0.95,-0.07,-55.35,4.01,-126.02,-525670
58,0.12,0.97,-0.11,-55.59,4.63,-132.76,-489600
59,-0.15,1.01,-0.14,-55.08,4.67,-141.5,-455357
60,-0.39,0.86,-0.14,-54.62,6.73,-144.94,-414830
61,-0.64,0.76,-0.21,-54.82,4.95,-149.74,-327320
62,-0.82,0.58,-0.25,-55.16,4.96,-150.72,-267345
63,-0.91,0.34,-0.22,-54.7,5.25,-151.01,-216584
64,-1.02,0.06,-0.28,-54.44,4.44,-150.67,-179172
65,-0.98,-0.23,-0.25,-54.62,5.85,-150.92,-156458
66,-0.89,-0.5,-0.29,-54.1,4.34,-152.27,-153626
67,-0.72,-0.71,-0.26,-54.34,5.22,-154.29,-178671
68,-0.47,-0.87,-0.21,-54.02,4.92,-156.32,-225094
69,-0.23,-0.96,-0.16,-54.18,4.71,-157.66,-256716
70,0.05,-1.04,-0.15,-54.19,4.87,-159.04,-270965
71,0.35,-1.0,-0.09,-54.11,5.34,-161.5,-265449
72,0.61,-0.82,-0.1,-53.56,4.7,-162.47,-248374
73,0.79,-0.56,-0.04,-53.61,5.56,-162.61,-245152
74,0.92,-0.39,-0.05,-54.0,5.28,-160.27,-253360
75,0.98,-0.06,0.01,-53.82,5.82,-159.02,-213979
76,0.95,0.24,-0.01,-53.73,5.98,-158.37,-146265
77,0.83,0.52,-0.02,-53.69,6.44,-160.76,-124100
78,0.63,0.75,-0.03,-54.02,5.01,-170.6,-143979
79,0.39,0.95,-0.05,-53.0,4.63,-186.26,-224655
80,0.07,1.02,-0.07,-52.05,5.05,-201.76,-375252
81,-0.33,0.93,-0.15,-52.56,5.59,-216.85,-537619
82,-0.6,0.71,-0.19,-52.0,5.28,-228.85,-537619
83,-0.88,0.41,-0.27,-51.27,5.57,-236.59,-565024
84,-0.89,-0.07,-0.24,-51.17,7.66,-240.06,-418161
85,-0.9,-0.48,-0.29,-51.17,4.6,-249.41,-302029
86,-0.42,-0.88,-0.28,-50.5,7.1,-250.34,-335223
87,-0.05,-0.92,-0.1,-50.33,6.0,-250.34,-493361
88,0.58,-1.0,-0.07,-49.87,7.76,-250.34,-598957
89,1.0,-0.61,0.03,-48.86,6.39,-250.34,-657124
90,1.13,-0.03,-0.03,-49.17,6.07,-250.34,-580025
91,0.91,0.41,0.0,-50.35,7.67,-250.34,-382853
92,0.61,0.82,-0.07,-50.81,8.23,-250.34,-188427
93,0.18,0.98,-0.03,-48.98,6.92,-250.34,-91352
94,-0.35,0.93,-0.17,-50.18,6.05,-250.34,-96616
95,-0.71,0.51,-0.23,-49.92,6.69,-250.34,-144408
96,-0.78,-0.01,-0.21,-50.0,6.32,-250.34,-179728
97,-0.7,-0.58,-0.27,-50.43,5.21,-250.34,-161687
98,-0.41,-1.15,-0.21,-50.4,6.92,-250.34,-131580
99,0.14,-1.04,-0.14,-50.72,8.23,-250.34,-146761
100,0.76,-0.85,-0.01,-49.8,5.43,-250.34,-211865
101,1.1,-0.41,0.19,-49.79,8.41,-250.34,-295226
102,1.08,0.16,-0.02,-49.91,6.45,-250.34,-368010
103,0.92,0.64,0.0,-49.0,2.3,-250.34,-370060
104,0.45,0.97,-0.16,-49.13,6.97,-250.34,-168068
105,-0.05,0.97,-0.19,-49.66,5.97,-250.34,-94071
106,-0.54,0.72,-0.12,-49.66,6.91,-250.34,-66455
107,-0.87,0.27,-0.28,-50.11,7.29,-250.34,-47970
108,-0.91,-0.33,-0.31,-50.49,5.85,-250.34,-18050
109,-0.51,-0.63,-0.19,-51.06,6.68,-250.34,-7324
110,-0.12,-0.98,-0.16,-50.12,5.39,-250.34,-30259
111,0.36,-0.89,0.03,-50.21,6.97,-250.34,-63453
112,0.66,-0.84,-0.03,-50.66,6.07,-250.34,-89961
113,0.96,-0.41,-0.09,-51.09,6.18,-250.34,-99134
114,1.15,0.09,0.09,-51.22,6.76,-250.34,-103549
115,0.82,0.57,0.02,-50.74,5.12,-250.34,-102905
116,0.5,0.84,-0.01,-50.7,2.22,-250.34,-92361
117,0.15,0.98,-0.28,-52.02,0.63,-244.77,-65367
118,-0.22,0.83,-0.03,-51.98,6.98,-206.18,-29287
119,-0.64,0.85,-0.2,-53.05,4.29,-182.39,7216
120,-0.8,0.4,-0.21,-51.41,6.72,-247.53,31598
121,-0.91,0.08,-0.24,-52.2,6.64,-209.58,36283
122,-0.91,-0.33,-0.25,-52.34,5.84,-214.73,34476
123,-0.7,-0.64,-0.27,-52.42,3.31,-207.77,18688
124,-0.36,-1.02,-0.17,-51.79,1.75,-196.07,4323
125,-0.09,-0.99,-0.12,-53.54,5.19,-196.3,-21893
126,0.23,-1.04,-0.11,-53.19,6.78,-191.95,-30469
127,0.56,-0.88,-0.06,-52.81,4.98,-192.69,-34000
128,0.82,-0.67,0.01,-54.06,5.98,-175.2,-33638
129,0.96,-0.46,0.06,-53.82,5.05,-162.78,-28581
130,0.96,-0.22,0.02,-54.83,3.55,-117.89,-22089
131,0.93,0.03,-0.0,-57.14,3.48,-66.58,-14182
132,0.91,0.15,-0.02,-57.0,3.73,-69.81,-6895
133,0.89,0.29,-0.01,-56.98,3.72,-60.2,1461
134,0.85,0.45,-0.0,-56.75,3.64,-79.71,9745
135,0.77,0.59,-0.01,-54.38,3.68,-142.15,14097
136,0.59,0.77,-0.04,-54.71,2.39,-123.54,20898
137,0.4,0.73,-0.05,-56.59,4.25,-86.48,27746
138,0.29,0.84,-0.07,-57.85,2.99,-22.31,30043
139,0.3,0.93,-0.08,-59.02,2.51,0.37,32034
140,0.29,0.92,-0.07,-58.89,2.69,0.5,32459
141,0.3,0.92,-0.08,-59.28,2.63,0.04,36181
142,0.29,0.92,-0.08,-59.27,2.76,0.35,39403
143,0.3,0.92,-0.08,-59.16,2.78,0.45,39443
144,0.3,0.91,-0.08,-59.31,2.62,0.48,39068
145,0.29,0.92,-0.07,-58.95,2.69,0.44,39035
146,0.3,0.92,-0.08,-58.91,2.64,0.39,39224
147,0.3,0.92,-0.07,-59.04,2.82,0.36,39177
148,0.29,0.91,-0.08,-58.98,2.6,0.37,39121
149,0.29,0.91,-0.09,-58.86,2.72,0.47,39109
150,0.29,0.91,-0.08,-58.5,2.69,0.33,39125
151,0.29,0.92,-0.08,-58.29,2.53,0.52,39169
152,0.29,0.91,-0.07,-58.72,2.66,0.42,39120
153,0.31,0.9,-0.07,-59.02,2.72,0.55,39117
154,0.29,0.92,-0.08,-58.94,2.83,0.86,39131
155,0.3,0.91,-0.07,-59.11,2.56,0.27,39171
156,0.3,0.91,-0.07,-59.16,2.6,0.32,39144
157,0.3,0.91,-0.08,-59.02,2.79,0.37,39134
158,0.45,0.93,0.13,-60.04,8.74,-8.67,39154
159,0.31,0.93,-0.07,-58.98,2.06,-4.37,39197
160,0.26,0.95,-0.08,-58.52,2.89,-14.92,40083
161,0.25,0.97,-0.08,-57.71,3.31,-27.77,39201
162,0.16,0.96,-0.1,-57.74,2.98,-39.73,39987
163,0.08,0.99,-0.1,-57.15,3.38,-50.35,41240
164,-0.01,0.99,-0.11,-56.92,3.61,-60.5,41700
165,-0.13,0.98,-0.15,-56.79,3.65,-64.01,42291
166,-0.19,0.96,-0.15,-57.03,3.77,-62.44,42827
167,-0.36,0.95,-0.19,-56.69,3.04,-59.45,42692
168,-0.45,0.89,-0.17,-57.03,3.84,-52.94,41223
169,-0.54,0.85,-0.2,-57.57,2.92,-49.38,40121
170,-0.61,0.82,-0.19,-57.55,3.18,-47.03,38897
171,-0.68,0.77,-0.22,-57.69,3.24,-47.69,37562
172,-0.75,0.71,-0.23,-57.18,3.1,-50.85,36169
173,-0.81,0.64,-0.24,-56.91,3.2,-54.05,34592
174,-0.87,0.56,-0.24,-57.36,3.44,-56.91,32536
175,-0.92,0.47,-0.26,-56.79,3.22,-58.66,29988
176,-0.98,0.37,-0.26,-57.02,3.44,-58.47,27133
177,-1.0,0.26,-0.25,-57.37,3.7,-55.31,24024
178,-1.03,0.16,-0.27,-57.21,3.36,-51.27,20448
179,-1.05,0.08,-0.28,-57.31,3.14,-47.21,16547
180,-1.05,-0.01,-0.27,-57.27,2.8,-42.31,12764
181,-1.05,-0.08,-0.28,-58.13,2.73,-19.75,9451
182,-1.05,-0.08,-0.28,-58.58,2.57,1.6,6043
183,-1.05,-0.08,-0.28,-59.04,2.98,-1.31,2469
184,-1.06,-0.09,-0.28,-58.77,2.79,-2.21,813
185,-1.06,-0.06,-0.28,-58.62,2.92,-3.46,1737
186,-1.05,-0.1,-0.28,-58.62,2.82,-8.79,2052
187,-1.05,-0.11,-0.28,-58.76,2.74,0.27,1890
188,-1.05,-0.1,-0.29,-58.86,2.66,0.45,2065
189,-1.05,-0.1,-0.28,-59.34,2.82,0.4,579
190,-1.06,-0.11,-0.28,-58.99,2.59,0.49,983
191,-1.05,-0.11,-0.27,-59.08,2.81,0.11,1006
192,-1.04,-0.1,-0.28,-59.4,2.79,0.44,1037
193,-1.05,-0.1,-0.28,-58.56,2.68,0.33,1014
194,-1.05,-0.11,-0.28,-58.66,2.63,0.32,1037
195,-1.05,-0.1,-0.28,-58.56,2.72,0.35,991
196,-1.05,-0.1,-0.29,-58.98,2.64,0.37,1008
197,-1.05,-0.1,-0.28,-59.04,2.73,0.42,1031
198,-1.05,-0.11,-0.28,-58.75,2.67,0.95,967
199,-1.05,-0.1,-0.27,-58.92,2.72,0.51,919
200,-1.05,-0.1,-0.28,-58.95,2.76,0.6,993
201,-1.05,-0.1,-0.28,-59.07,2.7,0.53,1037
202,-1.05,-0.1,-0.29,-58.89,2.73,0.54,988
203,-1.05,-0.1,-0.28,-59.03,2.58,3.07,1079
204,-1.05,-0.09,-0.28,-58.86,2.54,1.53,1106
205,-1.05,-0.1,-0.28,-58.9,2.75,0.5,996
206,-1.06,-0.1,-0.28,-58.82,2.66,1.05,1159
207,-1.05,-0.11,-0.27,-59.0,2.56,14.53,1388
208,-1.06,0.02,-0.28,-58.57,2.96,-12.79,1240
209,-1.05,-0.09,-0.28,-58.79,3.15,-1.74,826
210,-1.04,-0.09,-0.28,-58.73,2.82,-3.43,3209
211,-1.05,-0.09,-0.28,-58.53,2.55,-6.95,1303
212,-1.05,-0.12,-0.28,-58.44,2.66,-11.37,1629
213,-1.05,-0.13,-0.28,-58.45,2.95,-16.98,1457
214,-1.04,-0.17,-0.27,-58.11,2.76,-23.14,959
215,-1.03,-0.22,-0.27,-58.47,2.92,-29.47,195
216,-1.02,-0.28,-0.28,-57.82,3.02,-36.49,-1039
217,-0.99,-0.35,-0.28,-57.59,3.58,-43.94,-2678
218,-0.96,-0.44,-0.27,-57.2,3.41,-50.85,-4697
219,-0.91,-0.52,-0.26,-57.03,3.56,-58.69,-7143
220,-0.84,-0.6,-0.24,-57.0,3.45,-66.11,-9965
221,-0.76,-0.72,-0.25,-56.84,3.09,-71.98,-12980
222,-0.67,-0.85,-0.25,-56.47,3.15,-76.11,-16344
223,-0.53,-0.88,-0.21,-56.15,3.32,-80.37,-19971
224,-0.4,-0.96,-0.2,-56.86,3.79,-84.78,-23666
225,-0.26,-1.02,-0.18,-56.15,3.88,-88.01,-27124
226,-0.09,-1.0,-0.16,-56.11,4.29,-91.63,-29671
227,0.08,-0.99,-0.13,-56.02,3.65,-94.4,-31632
228,0.27,-0.94,-0.11,-55.79,3.26,-96.63,-32871
229,0.42,-0.9,-0.11,-55.28,4.22,-98.3,-33387
230,0.57,-0.8,-0.07,-55.4,4.18,-102.69,-32841
231,0.73,-0.68,-0.01,-55.19,5.18,-108.69,-31408
232,0.83,-0.48,-0.02,-55.48,3.33,-115.95,-24779
233,0.92,-0.28,-0.0,-55.36,3.53,-121.28,-19874
234,0.96,-0.07,0.04,-54.78,4.84,-127.01,-13585
235,0.94,0.19,0.03,-54.66,5.41,-133.35,-6372
236,0.87,0.43,-0.0,-54.18,3.83,-139.95,1610
237,0.75,0.68,0.0,-54.62,4.86,-151.9,10611
238,0.52,0.85,-0.05,-53.54,4.51,-165.11,19783
239,0.29,0.97,-0.11,-53.18,4.49,-175.81,27985
240,-0.1,1.01,-0.17,-53.25,4.41,-181.05,35179
241,-0.42,0.97,-0.22,-52.82,3.78,-183.63,40605
242,-0.64,0.74,-0.22,-53.28,5.05,-181.53,42523
243,-0.84,0.47,-0.2,-53.34,5.78,-182.36,41215
244,-0.98,0.13,-0.25,-53.34,4.98,-179.03,36508
245,-0.96,-0.15,-0.28,-52.89,4.97,-178.74,28273
246,-0.88,-0.49,-0.23,-53.87,6.23,-177.38,17740
247,-0.62,-0.64,-0.14,-53.57,5.02,-175.56,5682
248,-0.42,-0.88,-0.2,-53.66,5.35,-173.55,-6355
249,-0.11,-0.93,-0.16,-53.15,4.9,-174.86,-16732
250,0.19,-0.97,-0.16,-53.56,3.68,-177.18,-25224
251,0.49,-0.88,-0.07,-52.96,5.23,-185.81,-31008
252,0.82,-0.63,-0.04,-52.84,4.36,-197.53,-33297
253,0.98,-0.33,0.06,-52.63,5.71,-208.49,-27025
254,1.05,0.05,0.0,-51.88,7.53,-216.17,-18150
255,0.97,0.45,0.03,-51.57,4.23,-230.93,-6383
256,0.66,0.82,-0.05,-50.79,7.3,-246.34,8087
257,0.25,0.91,-0.06,-50.88,5.87,-250.34,22106
258,-0.24,0.99,-0.17,-49.83,7.27,-250.34,34106
259,-0.55,0.71,-0.1,-50.37,6.54,-250.34,41500
260,-0.89,0.33,-0.22,-50.82,6.37,-250.34,41560
261,-0.98,-0.13,-0.34,-50.59,2.16,-250.34,34637
262,-0.76,-0.62,-0.25,-52.05,6.9,-250.34,21415
263,-0.35,-0.86,-0.18,-51.13,6.13,-247.85,4681
264,0.02,-1.1,-0.2,-51.49,4.7,-243.38,-11790
265,0.43,-0.84,-0.07,-51.27,6.57,-241.63,-24867
266,0.76,-0.65,-0.04,-51.74,4.83,-238.46,-32099
267,0.98,-0.3,0.04,-51.25,4.95,-234.25,-32727
268,1.07,0.14,0.11,-52.4,7.46,-231.5,-27025
269,0.9,0.46,-0.02,-51.71,6.88,-225.63,-16118
270,0.6,0.69,-0.04,-51.44,4.66,-219.86,-1795
271,0.24,0.98,-0.02,-52.34,5.34,-217.95,13327
272,-0.13,0.99,-0.09,-50.92,6.58,-219.66,26622
273,-0.5,0.86,-0.24,-51.42,5.92,-219.39,36720
274,-0.83,0.55,-0.22,-51.72,5.37,-221.84,41000
275,-0.93,0.18,-0.2,-51.66,5.28,-221.53,35511
276,-0.95,-0.28,-0.3,-52.26,4.41,-219.36,24851
277,-0.79,-0.67,-0.26,-51.69,5.51,-218.6,11114
278,-0.44,-0.86,-0.19,-51.85,4.87,-214.88,-3569
279,-0.07,-1.0,-0.1,-52.21,5.81,-216.72,-16941
280,0.28,-0.86,-0.08,-52.67,4.08,-212.16,-27071
281,0.62,-0.88,-0.06,-51.95,6.1,-207.79,-32611
282,0.96,-0.54,0.03,-52.6,5.96,-207.63,-32973
283,1.01,-0.18,0.06,-52.28,5.82,-204.31,-28356
284,0.98,0.18,-0.01,-51.95,2.69,-199.08,-19936
285,0.89,0.53,-0.06,-52.5,3.62,-193.76,-8151
286,0.66,0.74,0.01,-52.71,4.91,-190.36,5449
287,0.32,0.9,-0.03,-53.29,5.36,-186.35,17931
288,0.05,0.91,-0.06,-53.28,5.01,-183.93,28911
289,-0.34,0.94,-0.1,-52.98,4.69,-181.79,37127
290,-0.65,0.77,-0.22,-53.0,4.52,-181.97,40971
291,-0.82,0.49,-0.24,-52.92,4.6,-182.28,41746
292,-0.94,0.22,-0.26,-53.5,4.93,-181.98,38362
293,-0.97,-0.14,-0.27,-52.98,4.56,-181.81,31613
294,-0.81,-0.42,-0.23,-52.44,2.63,-182.15,22099
295,-0.69,-0.74,-0.27,-52.78,3.97,-184.08,10657
296,-0.38,-0.85,-0.19,-53.42,5.48,-186.32,-13148
297,-0.09,-0.97,-0.15,-52.5,4.15,-185.96,-22539
298,0.26,-0.97,-0.12,-53.36,5.08,-186.31,-29533
299,0.5,-0.83,-0.08,-52.91,6.49,-186.24,-32933
300,0.79,-0.6,-0.06,-52.81,2.91,-187.01,-32418
301,0.99,-0.31,-0.02,-53.57,5.45,-183.82,-28290
302,1.01,0.01,-0.0,-53.38,5.14,-179.85,-20613
303,0.93,0.33,-0.02,-53.43,4.08,-175.89,-10119
304,0.78,0.6,-0.01,-53.92,5.02,-170.89,1465
305,0.49,0.81,-0.07,-56.42,2.83,-168.33,13207
306,0.28,0.97,-0.08,-56.27,5.28,-166.06,23802
307,-0.03,0.97,-0.11,-56.34,6.16,-162.48,32321
308,-0.31,0.92,-0.19,-57.1,3.45,-161.18,38748
309,-0.58,0.77,-0.18,-56.72,4.72,-161.74,41658
310,-0.8,0.58,-0.22,-57.12,5.54,-162.57,41806
311,-0.94,0.31,-0.25,-56.75,4.21,-162.01,39004
312,-0.97,0.04,-0.28,-52.66,4.76,-162.54,33187
313,-0.94,-0.25,-0.29,-53.34,3.85,-164.19,24818
314,-0.87,-0.55,-0.25,-50.47,3.84,-164.25,14922
315,-0.66,-0.76,-0.22,-56.27,4.27,-165.08,4706
316,-0.38,-0.9,-0.2,-51.72,5.66,-165.72,-6235
317,-0.12,-1.02,-0.17,-59.95,3.98,-164.34,-24860
318,0.17,-0.99,-0.12,-51.89,4.89,-165.25,-30802
319,0.45,-0.91,-0.08,-51.63,6.03,-163.61,-33422
320,0.62,-0.74,-0.1,-53.32,3.67,-162.26,-33009
321,0.82,-0.49,-0.05,-52.29,3.33,-159.78,-29936
322,0.96,-0.24,0.01,-51.23,5.87,-158.34,-24071
323,0.98,0.07,-0.01,-51.25,3.28,-155.85,-16034
324,0.91,0.35,0.0,-51.56,3.8,-153.82,-6255
325,0.79,0.6,-0.01,-54.07,4.95,-150.53,4941
326,0.57,0.74,-0.03,-54.08,2.95,-150.65,15119
327,0.33,0.93,-0.11,-54.31,4.05,-151.49,23869
328,0.1,0.93,-0.14,-53.56,5.26,-154.12,31457
329,-0.21,0.95,-0.16,-54.11,4.11,-159.06,37900
330,-0.49,0.85,-0.19,-53.88,4.69,-162.37,41868
331,-0.73,0.67,-0.25,-53.97,4.65,-165.05,42675
332,-0.88,0.45,-0.24,-53.44,3.83,-167.23,40753
333,-0.97,0.17,-0.28,-52.99,4.69,-168.55,36139
334,-0.97,-0.16,-0.29,-53.4,4.02,-169.2,28466
335,-0.89,-0.44,-0.23,-53.57,5.47,-169.88,18725
336,-0.74,-0.73,-0.24,-52.86,4.46,-170.61,7778
337,-0.43,-0.82,-0.16,-54.92,6.92,-174.24,-3243
338,-0.17,-0.99,-0.15,-53.34,4.43,-172.65,-22744
339,0.16,-0.98,-0.14,-53.77,4.27,-174.59,-29588
340,0.47,-0.83,-0.13,-53.09,4.07,-174.61,-32747
341,0.71,-0.76,-0.05,-53.83,3.85,-173.6,-32843
342,0.89,-0.5,0.04,-53.56,7.78,-170.94,-29833
343,1.0,-0.14,0.02,-53.83,5.04,-170.03,-23261
344,0.99,0.14,-0.01,-53.98,6.44,-166.27,-14830
345,0.93,0.41,0.03,-54.31,8.76,-163.96,-4275
346,0.69,0.65,-0.03,-53.63,3.16,-163.48,7304
347,0.46,0.84,-0.07,-53.11,3.59,-163.81,17802
348,0.24,0.91,-0.06,-53.6,6.06,-162.68,27203
349,-0.11,0.98,-0.11,-54.0,4.24,-161.49,34839
350,-0.36,0.88,-0.17,-53.85,4.65,-161.85,40004
351,-0.66,0.79,-0.25,-53.89,4.25,-162.21,42261
352,-0.81,0.51,-0.22,-53.24,4.68,-161.92,41318
353,-0.95,0.25,-0.25,-53.07,4.63,-161.11,37816
354,-1.02,-0.01,-0.28,-53.37,4.39,-160.34,31543
355,-0.96,-0.31,-0.26,-53.34,4.06,-159.89,22735
356,-0.83,-0.56,-0.27,-53.29,4.49,-159.37,12289
357,-0.61,-0.76,-0.21,-53.44,5.07,-160.05,1140
358,-0.42,-0.95,-0.2,-53.67,4.6,-159.08,-8716
359,-0.16,-1.02,-0.14,-53.41,5.26,-159.6,-17597
360,0.19,-1.02,-0.11,-53.19,4.7,-159.68,-30842
361,0.41,-0.89,-0.13,-53.1,5.08,-159.4,-33182
362,0.69,-0.8,-0.06,-53.03,4.76,-160.9,-32785
363,0.86,-0.53,0.02,-53.36,5.04,-161.68,-29338
364,0.96,-0.22,0.01,-53.0,4.22,-160.81,-23824
365,0.98,0.06,-0.03,-53.37,4.4,-158.36,-15973
366,0.88,0.38,-0.01,-51.18,4.54,-157.24,-5956
367,0.72,0.58,-0.04,-51.64,3.84,-156.3,5413
368,0.54,0.78,-0.06,-58.56,3.63,-155.73,15551
369,0.34,0.96,-0.05,-53.85,4.92,-156.52,24624
370,0.04,1.02,-0.14,-53.39,4.15,-159.26,32757
371,-0.25,0.98,-0.2,-53.17,4.63,-162.95,38633
372,-0.51,0.8,-0.13,-53.05,4.4,-168.78,41975
373,-0.77,0.67,-0.29,-54.02,4.14,-169.84,42585
374,-0.91,0.36,-0.27,-53.2,4.13,-170.87,39810
375,-1.05,0.09,-0.31,-53.18,4.5,-171.95,34276
376,-0.94,-0.27,-0.24,-53.57,4.78,-172.77,25956
377,-0.83,-0.55,-0.25,-52.89,4.66,-174.18,15646
378,-0.63,-0.79,-0.21,-54.03,7.59,-176.98,4365
379,-0.34,-0.94,-0.18,-53.06,2.66,-175.95,-7357
380,-0.01,-0.98,-0.12,-53.39,5.27,-180.44,-17302
381,0.27,-0.98,-0.11,-53.42,5.08,-181.25,-31076
382,0.59,-0.82,-0.04,-53.16,4.69,-182.31,-32943
383,0.81,-0.59,-0.01,-53.25,5.77,-182.79,-31584
384,0.98,-0.33,0.04,-52.89,5.79,-182.59,-26762
385,1.0,0.05,-0.02,-53.27,6.66,-183.02,-18349
386,0.92,0.38,-0.0,-52.68,3.95,-183.67,-7414
387,0.77,0.64,-0.04,-53.45,5.46,-186.53,4247
388,0.49,0.85,-0.08,-52.93,4.24,-188.82,16116
389,0.13,1.02,-0.1,-52.53,5.47,-192.28,27429
390,-0.19,0.98,-0.13,-53.16,4.69,-196.67,36113
391,-0.51,0.86,-0.2,-52.96,5.27,-199.82,40886
392,-0.78,0.59,-0.2,-52.27,6.07,-202.5,42315
393,-0.93,0.24,-0.28,-52.58,4.86,-203.89,39292
394,-1.0,-0.12,-0.24,-52.0,5.83,-201.88,32020
395,-0.81,-0.45,-0.22,-52.33,5.22,-202.15,21411
396,-0.7,-0.94,-0.31,-52.63,4.2,-199.95,8543
397,-0.31,-1.03,-0.18,-53.04,5.24,-198.62,-4622
398,0.09,-1.03,-0.12,-52.17,7.04,-196.99,-16971
399,0.37,-0.93,-0.13,-52.58,3.0,-196.16,-27115
400,0.68,-0.69,-0.05,-52.7,5.1,-195.69,-32332
401,0.94,-0.51,0.07,-52.66,5.76,-194.89,-33477
402,0.97,-0.13,0.02,-52.66,5.11,-191.98,-22727
403,0.93,0.22,0.02,-53.08,5.79,-189.37,-12464
404,0.88,0.56,0.04,-52.98,4.69,-188.33,-186
405,0.59,0.72,-0.04,-52.44,5.02,-186.64,12548
406,0.33,0.98,-0.0,-52.95,5.44,-188.68,23977
407,-0.02,0.98,-0.14,-52.44,5.29,-194.33,33205
408,-0.38,0.92,-0.13,-52.02,7.27,-199.55,39998
409,-0.6,0.69,-0.17,-52.55,6.47,-201.5,42701
410,-0.89,0.42,-0.25,-51.92,4.66,-201.82,41130
411,-0.97,0.06,-0.23,-52.4,6.37,-200.45,35005
412,-0.91,-0.27,-0.29,-52.71,3.57,-200.15,24939
413,-0.78,-0.66,-0.26,-52.95,7.6,-199.62,12296
414,-0.47,-0.88,-0.2,-52.6,4.56,-196.19,-1032
415,-0.15,-0.99,-0.15,-53.74,5.85,-196.49,-13807
416,0.21,-0.96,-0.12,-52.27,4.79,-192.91,-24037
417,0.5,-0.99,-0.08,-52.86,5.83,-191.95,-30453
418,0.78,-0.62,-0.03,-53.15,5.53,-193.21,-33131
419,1.02,-0.38,0.05,-53.57,5.5,-191.85,-31596
420,1.03,-0.01,0.03,-53.29,5.68,-188.73,-26033
421,0.94,0.3,-0.01,-52.92,5.21,-186.34,-16855
422,0.82,0.58,0.03,-53.16,5.13,-183.89,-5729
423,0.52,0.84,-0.04,-52.98,5.62,-183.84,6669
424,0.22,0.97,-0.07,-53.11,4.29,-185.15,29199
425,-0.05,0.93,-0.09,-53.05,5.57,-189.01,37143
426,-0.44,0.87,-0.15,-53.08,5.27,-192.5,41811
427,-0.71,0.66,-0.18,-52.87,6.25,-195.99,42160
428,-0.91,0.35,-0.28,-52.44,4.18,-197.34,38905
429,-0.97,0.03,-0.25,-52.52,4.77,-197.83,31344
430,-0.9,-0.33,-0.24,-52.69,5.41,-196.58,20322
431,-0.76,-0.68,-0.3,-52.81,4.34,-195.42,7514
432,-0.43,-0.82,-0.22,-52.48,5.33,-193.96,-5036
433,-0.09,-1.05,-0.17,-52.28,6.67,-193.87,-16604
434,0.24,-0.88,-0.09,-52.9,1.75,-193.88,-25925
435,0.58,-0.88,-0.08,-52.42,6.98,-191.46,-32015
436,0.86,-0.65,0.03,-52.27,5.36,-193.28,-33370
437,1.0,-0.32,0.01,-53.35,6.93,-191.36,-30344
438,1.07,0.07,0.02,-52.7,6.73,-189.66,-24435
439,1.0,0.4,0.05,-53.18,6.52,-187.88,-14740
440,0.71,0.68,-0.05,-52.6,4.58,-186.95,-2349
441,0.44,0.87,-0.01,-52.73,5.95,-185.92,11159
442,0.1,1.0,-0.13,-52.66,4.39,-186.32,22272
443,-0.26,1.0,-0.18,-52.08,5.78,-188.05,31525
444,-0.47,0.82,-0.23,-52.81,4.01,-187.6,38730
445,-0.75,0.64,-0.22,-52.67,5.01,-190.34,41350
446,-1.0,0.3,-0.28,-52.81,4.34,-189.42,36937
447,-0.94,-0.03,-0.22,-52.51,5.44,-189.65,28793
448,-0.84,-0.35,-0.2,-53.05,5.87,-189.54,17821
449,-0.77,-0.73,-0.22,-53.0,4.32,-188.14,5388
450,-0.5,-0.9,-0.19,-52.99,4.8,-187.79,-7296
451,-0.19,-0.8,-0.27,-53.64,3.98,-185.47,-18476
452,0.21,-1.1,-0.09,-52.8,4.83,-184.13,-27077
453,0.52,-0.9,-0.03,-52.56,6.15,-182.93,-32053
454,0.76,-0.73,0.03,-52.81,6.93,-180.91,-33383
455,0.9,-0.42,-0.03,-53.18,3.4,-179.67,-30631
456,0.91,-0.13,-0.03,-52.56,6.08,-177.49,-24616
457,0.94,0.25,-0.02,-53.27,5.12,-176.63,-15919
458,0.84,0.57,-0.03,-52.99,4.11,-175.69,-4938
459,0.61,0.78,-0.09,-53.59,5.69,-172.93,7063
460,0.37,0.85,-0.04,-53.17,4.94,-171.05,18622
461,0.03,0.97,-0.06,-53.47,3.68,-171.63,28172
462,-0.25,0.97,-0.17,-52.93,4.88,-172.4,35722
463,-0.52,0.83,-0.2,-53.08,4.76,-173.93,40524
464,-0.79,0.6,-0.25,-53.31,4.34,-175.56,42270
465,-0.96,0.33,-0.23,-53.15,5.24,-176.25,40582
466,-0.96,0.02,-0.26,-53.08,4.18,-177.66,27590
467,-0.9,-0.3,-0.28,-53.83,3.83,-179.04,17070
468,-0.79,-0.65,-0.26,-52.95,4.12,-179.46,5521
469,-0.55,-0.81,-0.23,-52.96,4.69,-180.5,-6512
470,-0.25,-0.94,-0.23,-52.73,5.89,-176.32,-17343
471,0.09,-0.96,-0.1,-52.96,2.34,-182.22,-25914
472,0.39,-0.93,-0.06,-53.11,6.07,-179.66,-31464
473,0.64,-0.74,0.0,-53.66,6.25,-179.63,-33387
474,0.89,-0.5,-0.01,-52.66,4.47,-178.92,-31778
475,1.0,-0.23,-0.02,-53.41,3.64,-177.59,-26884
476,0.95,0.09,0.06,-53.22,5.28,-176.31,-18679
477,0.93,0.38,-0.0,-52.93,3.67,-174.9,-7863
478,0.71,0.65,-0.02,-52.99,4.79,-173.69,4148
479,0.44,0.9,-0.07,-53.29,4.15,-173.8,15341
480,0.15,0.94,-0.14,-53.23,4.92,-173.46,25302
481,-0.17,0.97,-0.17,-52.73,4.92,-173.27,34196
482,-0.4,0.8,-0.07,-52.9,6.34,-174.92,40221
483,-0.72,0.68,-0.2,-52.91,4.65,-176.15,42311
484,-0.87,0.42,-0.28,-52.43,3.79,-176.49,41413
485,-0.97,0.1,-0.31,-53.14,3.49,-176.83,37050
486,-0.96,-0.26,-0.27,-52.89,4.45,-176.88,29603
487,-0.84,-0.56,-0.28,-53.59,4.34,-176.85,19405
488,-0.64,-0.79,-0.24,-52.99,5.19,-177.68,-3817
489,-0.39,-1.0,-0.16,-53.48,8.16,-182.09,-14629
490,-0.08,-1.01,-0.17,-52.62,3.41,-176.73,-23638
491,0.25,-0.99,-0.09,-53.42,5.41,-176.26,-30247
492,0.56,-0.93,-0.09,-52.98,6.79,-173.01,-33139
493,0.79,-0.58,-0.03,-53.03,4.55,-176.14,-32575
494,0.91,-0.34,-0.05,-53.35,5.82,-175.11,-28733
495,1.01,-0.03,0.0,-53.29,5.69,-173.69,-21535
496,0.9,0.24,-0.03,-53.47,4.37,-171.6,-12026
497,0.83,0.51,0.04,-53.34,7.47,-170.25,-1084
498,0.6,0.76,-0.05,-53.28,4.22,-171.63,10815
499,0.37,0.96,-0.08,-53.04,4.06,-171.34,21426
500,0.07,1.07,-0.15,-53.5,5.49,-174.03,30250
501,-0.29,0.96,-0.12,-53.55,4.63,-175.0,37633
502,-0.59,0.86,-0.23,-52.37,6.41,-178.39,41610
503,-0.82,0.56,-0.22,-52.89,4.15,-181.15,42072
504,-0.93,0.26,-0.3,-52.84,4.09,-181.29,39517
505,-0.97,-0.05,-0.27,-52.7,4.17,-181.96,33435
506,-0.88,-0.37,-0.24,-52.39,5.21,-183.45,24311
507,-0.74,-0.67,-0.24,-53.31,4.11,-184.18,13035
508,-0.44,-0.87,-0.18,-52.98,6.34,-183.86,1100
509,-0.18,-1.02,-0.22,-52.53,3.22,-181.66,-21268
510,0.16,-1.03,-0.09,-53.1,5.39,-182.59,-28898
511,0.47,-0.93,-0.08,-52.28,5.5,-180.66,-32711
512,0.72,-0.68,-0.05,-53.02,3.37,-180.75,-32750
513,0.94,-0.44,-0.02,-53.15,4.67,-177.69,-29636
514,0.96,-0.12,0.01,-53.08,5.0,-175.21,-23153
515,0.95,0.22,-0.05,-53.05,4.35,-172.43,-13991
516,0.81,0.48,-0.02,-53.69,5.66,-169.07,-2430
517,0.66,0.71,-0.03,-52.97,2.59,-168.44,9293
518,0.43,0.84,-0.04,-53.04,4.21,-166.6,19823
519,0.06,0.98,-0.12,-53.21,5.47,-169.79,29325
520,-0.16,0.96,-0.08,-52.76,4.03,-172.11,36719
521,-0.46,0.89,-0.12,-52.11,4.48,-175.43,41431
522,-0.74,0.64,-0.22,-52.58,4.93,-177.62,42720
523,-0.91,0.37,-0.25,-52.27,5.3,-177.85,40486
524,-1.01,0.07,-0.27,-52.11,5.45,-179.37,35290
525,-0.95,-0.29,-0.28,-52.37,4.47,-179.29,26613
526,-0.81,-0.58,-0.27,-52.5,4.68,-180.24,15778
527,-0.6,-0.8,-0.21,-52.37,5.5,-181.08,4194
528,-0.32,-0.99,-0.2,-52.5,4.93,-180.93,-7292
529,0.02,-0.93,-0.17,-53.14,4.44,-183.19,-18081
530,0.34,-0.95,-0.11,-52.43,4.89,-183.27,-31657
531,0.63,-0.8,-0.07,-53.02,4.4,-182.65,-33059
532,0.83,-0.57,0.01,-53.34,5.65,-181.69,-30984
533,0.97,-0.22,-0.02,-53.04,5.42,-180.58,-25502
534,0.98,0.09,0.01,-52.31,4.47,-177.47,-16957
535,0.91,0.41,-0.01,-53.32,6.55,-174.09,-5805
536,0.73,0.63,-0.01,-52.73,3.8,-171.56,6054
537,0.49,0.88,-0.06,-53.49,4.57,-170.32,17355
538,0.15,0.92,-0.14,-52.69,5.15,-167.69,27123
539,-0.08,0.98,-0.15,-54.31,4.28,-166.76,34835
540,-0.42,0.89,-0.19,-53.34,3.93,-167.27,40094
541,-0.67,0.76,-0.27,-52.71,4.35,-169.76,42420
542,-0.83,0.5,-0.26,-53.34,4.89,-171.73,41142
543,-0.96,0.2,-0.28,-53.44,4.4,-172.37,37091
544,-0.94,-0.13,-0.25,-53.04,6.21,-172.31,29956
545,-0.91,-0.42,-0.24,-53.1,5.31,-172.63,19988
546,-0.73,-0.7,-0.25,-53.43,4.25,-174.32,8910
547,-0.44,-0.87,-0.18,-53.91,5.59,-176.55,-2636
548,-0.22,-0.99,-0.17,-53.01,5.34,-178.18,-13225
549,0.11,-0.96,-0.16,-52.78,4.31,-179.31,-22356
550,0.43,-0.85,-0.11,-52.92,4.22,-180.08,-29538
551,0.7,-0.71,-0.07,-52.75,3.33,-180.73,-32973
552,0.9,-0.45,0.01,-53.31,6.18,-179.67,-28801
553,1.01,-0.11,0.06,-52.71,3.75,-179.18,-22050
554,0.97,0.19,0.04,-52.55,3.11,-177.11,-13388
555,0.89,0.45,0.08,-52.86,4.92,-174.73,-2069
556,0.63,0.7,-0.03,-52.85,4.89,-175.44,10702
557,0.36,0.85,-0.05,-52.87,4.5,-175.32,21955
558,0.08,1.0,-0.16,-53.24,3.58,-178.05,30970
559,-0.2,0.99,-0.12,-52.54,4.86,-181.27,37922
560,-0.54,0.8,-0.16,-52.46,6.95,-181.97,41854
561,-0.77,0.59,-0.19,-52.95,5.34,-183.4,42393
562,-0.92,0.29,-0.2,-52.72,5.17,-182.88,38970
563,-0.98,-0.05,-0.26,-52.53,6.43,-182.07,32204
564,-0.93,-0.34,-0.25,-52.82,4.98,-181.65,22371
565,-0.79,-0.63,-0.26,-53.39,4.5,-180.69,10678
566,-0.58,-0.99,-0.25,-53.27,5.15,-178.41,-1691
567,-0.23,-1.01,-0.17,-53.46,5.01,-175.14,-12832
568,0.12,-1.01,-0.1,-52.05,5.7,-174.99,-22626
569,0.36,-0.93,-0.1,-52.9,3.74,-174.03,-29895
570,0.65,-0.78,-0.05,-52.87,4.69,-173.24,-32774
571,0.85,-0.52,-0.01,-53.4,4.6,-175.15,-32933
572,0.94,-0.2,-0.03,-53.27,3.69,-174.72,-29584
573,0.95,0.11,-0.05,-53.08,3.11,-174.91,-13779
574,0.85,0.39,-0.05,-53.61,5.61,-174.17,-3268
575,0.78,0.65,-0.0,-52.91,5.47,-174.53,8499
576,0.47,0.86,-0.06,-53.04,6.71,-175.73,19815
577,0.19,0.98,-0.13,-52.41,4.98,-177.93,29106
578,-0.16,0.98,-0.13,-52.83,4.66,-179.74,36647
579,-0.49,0.86,-0.21,-52.38,4.69,-181.79,41287
580,-0.72,0.66,-0.22,-52.7,4.71,-184.75,42328
581,-0.9,0.42,-0.26,-52.31,4.18,-185.88,39892
582,-0.98,0.03,-0.27,-52.49,5.09,-184.34,33764
583,-0.98,-0.3,-0.27,-52.53,4.04,-183.7,24543
584,-0.82,-0.56,-0.26,-52.98,5.69,-184.92,12565
585,-0.63,-0.95,-0.26,-52.83,3.79,-184.99,16
586,-0.27,-0.93,-0.15,-52.73,4.95,-184.96,-11133
587,0.06,-0.95,-0.18,-52.55,4.0,-184.58,-20896
588,0.37,-0.96,-0.11,-52.89,4.7,-182.97,-28686
589,0.67,-0.78,-0.04,-52.69,5.48,-182.66,-32786
590,0.91,-0.54,0.02,-52.32,6.08,-182.31,-32906
591,1.01,-0.2,0.03,-52.0,5.67,-182.27,-29344
592,0.92,0.17,-0.04,-52.57,6.79,-181.47,-22144
593,0.91,0.46,0.03,-52.79,3.99,-181.06,-12357
594,0.72,0.74,0.02,-52.93,7.58,-181.73,11759
595,0.42,0.9,-0.1,-52.92,4.96,-181.84,22587
596,0.04,0.99,-0.14,-53.02,5.02,-183.21,31916
597,-0.25,0.94,-0.16,-52.26,5.82,-183.12,39000
598,-0.56,0.85,-0.25,-52.67,3.47,-186.19,42373
599,-0.77,0.56,-0.28,-52.38,4.11,-186.37,41700
600,-0.94,0.27,-0.27,-52.63,4.67,-185.16,37654
601,-0.95,-0.05,-0.29,-52.73,4.16,-183.8,29554
602,-0.92,-0.4,-0.25,-52.29,4.71,-182.86,18900
603,-0.71,-0.67,-0.25,-53.14,5.43,-183.47,6824
604,-0.47,-0.89,-0.22,-53.0,5.26,-182.78,-5275
605,-0.16,-0.96,-0.15,-52.74,6.22,-181.16,-16299
606,0.13,-1.02,-0.11,-52.62,4.18,-179.05,-25215
607,0.46,-0.9,-0.07,-52.5,4.94,-179.59,-30988
608,0.71,-0.62,-0.14,-52.58,3.02,-181.41,-33200
609,0.9,-0.43,0.01,-52.79,4.4,-181.77,-31740
610,1.0,-0.09,-0.02,-52.85,6.05,-181.63,-26885
611,1.0,0.18,0.05,-53.08,5.79,-180.18,-18728
612,0.81,0.5,0.02,-52.03,2.98,-180.95,-8453
613,0.64,0.76,0.01,-51.98,6.47,-178.53,3836
614,0.33,0.93,-0.1,-52.41,4.25,-179.24,15344
615,0.04,1.03,-0.13,-51.77,4.95,-178.4,34549
616,-0.29,0.94,-0.12,-51.95,5.63,-179.64,40372
617,-0.56,0.75,-0.17,-52.11,4.5,-179.16,42371
618,-0.83,0.57,-0.25,-51.92,4.6,-178.79,40753
619,-0.93,0.27,-0.27,-52.06,4.12,-177.73,35798
620,-0.98,-0.08,-0.24,-52.27,5.08,-178.01,27597
621,-0.89,-0.36,-0.23,-52.44,5.1,-177.34,17531
622,-0.76,-0.62,-0.22,-52.09,5.29,-177.09,5899
623,-0.53,-0.9,-0.22,-51.74,4.76,-176.29,-6022
624,-0.2,-1.04,-0.16,-51.38,6.27,-175.08,-16579
625,0.12,-0.93,-0.15,-52.68,2.92,-174.94,-25225
626,0.42,-0.95,-0.04,-52.02,6.02,-174.07,-30938
627,0.66,-0.72,-0.04,-52.24,4.0,-176.93,-33487
628,0.9,-0.56,0.03,-52.89,5.09,-176.82,-32081
629,1.04,-0.21,0.07,-52.97,6.47,-177.94,-27775
630,0.99,0.11,-0.0,-52.49,6.28,-177.83,-20628
631,0.78,0.44,-0.05,-52.66,4.18,-178.82,-10577
632,0.74,0.69,-0.03,-52.6,4.75,-178.53,1612
633,0.43,0.89,-0.05,-53.1,4.28,-179.45,13497
634,0.18,0.97,-0.11,-52.49,4.39,-177.93,23811
635,-0.21,1.01,-0.18,-52.88,4.59,-179.98,32703
636,-0.48,0.8,-0.16,-52.4,5.34,-179.79,42368
637,-0.74,0.65,-0.2,-52.6,5.4,-180.86,41730
638,-0.94,0.35,-0.28,-52.9,4.27,-180.45,37445
639,-0.97,0.0,-0.26,-52.82,3.95,-178.71,30166
640,-0.93,-0.33,-0.26,-52.92,5.38,-177.02,19544
641,-0.75,-0.56,-0.21,-52.8,4.29,-177.24,7224
642,-0.57,-0.82,-0.21,-52.63,4.4,-176.96,-4614
643,-0.27,-1.05,-0.14,-52.63,5.66,-179.33,-14759
644,-0.01,-1.02,-0.16,-53.08,4.4,-175.84,-23467
645,0.33,-0.99,-0.12,-52.53,4.3,-175.35,-30044
646,0.6,-0.72,-0.08,-52.76,3.42,-179.05,-33129
647,0.86,-0.55,-0.01,-52.64,3.46,-178.98,-32528
648,0.93,-0.28,0.01,-52.82,4.59,-179.05,-28388
649,0.98,0.03,0.01,-52.13,5.0,-178.25,-21202
650,0.92,0.34,0.04,-52.53,6.18,-178.28,-11677
651,0.77,0.67,0.0,-52.95,6.64,-179.12,-100
652,0.56,0.91,-0.03,-52.74,4.61,-180.2,12469
653,0.17,0.98,-0.1,-52.22,3.51,-181.08,23003
654,-0.11,0.92,-0.1,-51.79,5.54,-181.93,32092
655,-0.46,0.89,-0.22,-52.44,4.15,-185.57,38881
656,-0.72,0.68,-0.23,-51.95,5.54,-187.14,42017
657,-0.93,0.38,-0.26,-52.47,4.6,-187.08,37419
658,-1.0,0.03,-0.29,-52.13,4.43,-185.96,29770
659,-0.92,-0.29,-0.26,-52.84,4.16,-185.49,19204
660,-0.82,-0.6,-0.23,-52.6,5.26,-183.58,7054
661,-0.57,-0.79,-0.23,-52.64,4.79,-183.18,-5113
662,-0.25,-1.0,-0.17,-52.73,5.43,-182.3,-16179
663,0.03,-0.96,-0.17,-52.89,3.64,-181.47,-25257
664,0.4,-0.94,-0.1,-52.77,4.78,-180.89,-31268
665,0.68,-0.85,-0.06,-52.25,5.78,-179.27,-33324
666,0.9,-0.52,-0.0,-51.81,6.64,-179.14,-31759
667,1.03,-0.25,0.04,-52.56,6.11,-178.93,-26709
668,0.98,0.11,0.01,-52.0,4.16,-179.23,-18794
669,0.96,0.47,0.03,-52.82,6.18,-177.53,-7968
670,0.68,0.73,-0.05,-52.48,3.77,-176.05,3943
671,0.46,0.89,-0.08,-53.02,4.65,-175.45,15362
672,0.14,0.97,-0.11,-53.23,5.71,-176.64,25685
673,-0.2,0.98,-0.18,-52.05,4.98,-177.54,34151
674,-0.46,0.87,-0.16,-52.15,5.56,-179.3,40050
675,-0.71,0.65,-0.16,-52.32,6.87,-180.7,42501
676,-0.92,0.38,-0.23,-52.4,4.66,-181.29,41412
677,-1.0,0.04,-0.26,-52.27,4.8,-180.53,36641
678,-0.94,-0.28,-0.25,-52.69,5.69,-180.04,28680
679,-0.92,-0.62,-0.3,-52.24,2.66,-178.05,5807
680,-0.58,-0.79,-0.19,-52.4,5.38,-178.08,-6098
681,-0.3,-1.0,-0.19,-51.39,4.37,-177.68,-16692
682,0.01,-0.94,-0.17,-52.84,4.76,-177.59,-25145
683,0.32,-0.93,-0.09,-52.62,4.41,-177.79,-31155
684,0.6,-0.79,-0.04,-52.08,5.11,-177.18,-33224
685,0.83,-0.62,-0.03,-52.64,4.78,-177.11,-32099
686,0.96,-0.29,0.01,-52.41,2.86,-178.15,-27200
687,1.04,0.03,0.03,-52.72,6.01,-177.98,-19514
688,0.91,0.36,0.03,-52.36,3.11,-179.13,-9754
689,0.74,0.61,-0.05,-52.17,4.74,-180.06,2045
690,0.51,0.85,-0.01,-52.37,4.31,-180.63,13922
691,0.22,1.0,-0.07,-52.4,5.96,-181.24,24994
692,-0.11,0.96,-0.11,-52.16,5.42,-181.08,33467
693,-0.44,0.89,-0.18,-52.99,4.14,-182.22,39505
694,-0.71,0.67,-0.17,-52.08,5.75,-182.67,42208
695,-0.89,0.4,-0.25,-51.81,5.5,-182.7,41218
696,-0.99,0.11,-0.25,-52.27,5.6,-181.31,36754
697,-0.98,-0.23,-0.28,-52.44,3.31,-181.44,28761
698,-0.83,-0.55,-0.28,-52.43,4.34,-181.38,18139
699,-0.62,-0.73,-0.22,-52.27,4.82,-182.13,5985
700,-0.34,-0.99,-0.22,-52.4,3.9,-180.4,-16488
701,0.0,-1.06,-0.17,-52.17,4.28,-180.85,-25698
702,0.32,-1.04,-0.12,-52.01,6.56,-180.05,-31530
703,0.6,-0.79,-0.06,-52.67,2.97,-181.18,-33273
704,0.87,-0.56,-0.05,-51.93,4.35,-179.82,-31879
705,0.97,-0.29,0.0,-52.75,4.82,-179.88,-26562
706,1.01,0.07,0.04,-52.13,5.49,-180.76,-18293
707,0.98,0.39,0.07,-52.4,7.27,-181.6,-8257
708,0.71,0.66,-0.03,-52.03,3.15,-182.7,3869
709,0.49,0.81,-0.04,-52.12,4.41,-184.96,16282
710,0.14,0.96,-0.06,-51.5,5.31,-185.45,26885
711,-0.18,0.97,-0.09,-51.56,5.12,-187.2,35141
712,-0.53,0.83,-0.21,-52.15,5.65,-187.82,40588
713,-0.75,0.64,-0.27,-52.15,4.6,-189.12,42613
714,-0.95,0.34,-0.27,-52.27,4.97,-189.95,40353
715,-0.98,-0.03,-0.25,-51.97,4.42,-190.76,34539
716,-0.94,-0.37,-0.32,-51.98,3.61,-190.46,25077
717,-0.71,-0.68,-0.22,-51.73,5.31,-190.66,13568
718,-0.49,-0.93,-0.24,-51.98,5.34,-190.23,810
719,-0.17,-1.04,-0.17,-52.0,5.23,-189.06,-11354
720,0.22,-1.04,-0.13,-51.21,7.27,-187.12,-21711
721,0.53,-0.87,-0.08,-52.39,2.91,-188.43,-32809
722,0.78,-0.66,-0.05,-52.36,5.84,-186.49,-32612
723,0.96,-0.38,0.0,-52.44,6.75,-186.91,-28449
724,0.96,-0.07,0.07,-52.31,4.32,-186.29,-20464
725,0.96,0.27,-0.0,-52.98,10.06,-184.31,-9881
726,0.77,0.59,-0.04,-51.69,2.51,-184.62,2043
727,0.51,0.82,-0.05,-53.31,4.48,-182.82,14342
728,0.21,0.94,-0.07,-51.5,5.41,-182.82,25007
729,-0.1,0.97,-0.11,-52.18,4.22,-184.15,34139
730,-0.42,0.92,-0.15,-52.09,6.07,-183.33,40139
731,-0.68,0.69,-0.19,-52.43,4.29,-184.3,42322
732,-0.86,0.43,-0.26,-52.05,4.76,-185.95,40706
733,-0.98,0.12,-0.3,-52.5,4.46,-186.3,35620
734,-0.93,-0.24,-0.25,-52.15,4.98,-185.41,27023
735,-0.82,-0.54,-0.26,-51.97,4.76,-184.92,15878
736,-0.6,-0.73,-0.2,-53.1,6.21,-186.14,3602
737,-0.22,-0.87,-0.19,-52.0,4.33,-181.97,-8721
738,0.01,-1.0,-0.14,-52.45,5.5,-181.05,-18741
739,0.32,-1.02,-0.1,-52.44,5.4,-179.89,-27389
740,0.64,-0.82,-0.04,-52.0,4.87,-180.21,-32082
741,0.84,-0.55,0.02,-52.1,5.91,-180.58,-33192
742,0.92,-0.24,-0.0,-52.21,3.53,-180.15,-24850
743,0.93,0.06,-0.01,-52.2,3.95,-177.86,-15868
744,0.89,0.39,0.02,-52.4,5.65,-177.9,-4459
745,0.72,0.62,-0.03,-52.28,4.61,-177.9,7624
746,0.48,0.86,-0.05,-52.66,5.12,-177.65,18646
747,0.2,0.96,-0.11,-52.68,4.24,-177.68,28674
748,-0.16,1.0,-0.14,-52.08,4.84,-179.56,36754
749,-0.46,0.91,-0.18,-52.11,6.36,-181.56,41276
750,-0.7,0.68,-0.23,-51.7,3.89,-183.02,42503
751,-0.87,0.37,-0.27,-52.07,4.18,-184.38,40193
752,-0.99,0.02,-0.24,-52.05,6.05,-183.55,34055
753,-0.97,-0.27,-0.29,-51.96,3.91,-184.16,24715
754,-0.83,-0.59,-0.26,-52.13,4.66,-185.44,13219
755,-0.59,-0.82,-0.23,-51.85,5.81,-186.32,1237
756,-0.26,-0.95,-0.16,-52.41,5.74,-185.21,-10666
757,0.05,-1.09,-0.1,-51.27,7.76,-183.73,-21029
758,0.39,-1.01,-0.06,-52.47,4.47,-184.25,-28712
759,0.68,-0.77,-0.0,-51.46,6.04,-183.47,-32459
760,0.82,-0.45,-0.05,-51.77,3.73,-182.98,-32791
761,0.94,-0.23,-0.03,-51.49,4.01,-180.6,-29417
762,0.98,0.15,0.04,-51.85,7.66,-178.69,-22600
763,0.88,0.38,0.01,-52.05,3.64,-176.14,-12840
764,0.72,0.69,-0.07,-51.17,3.63,-174.31,10858
765,0.45,0.87,-0.07,-51.83,4.96,-173.15,21504
766,0.17,1.0,-0.06,-52.16,4.07,-173.11,30556
767,-0.17,0.97,-0.2,-51.43,4.24,-173.74,37899
768,-0.47,0.87,-0.18,-52.19,4.5,-173.05,41886
769,-0.69,0.68,-0.17,-51.35,6.23,-172.98,41961
770,-0.87,0.45,-0.23,-51.95,4.94,-173.79,39153
771,-1.01,0.13,-0.27,-52.36,4.15,-174.08,32852
772,-0.94,-0.21,-0.25,-52.38,4.98,-174.71,23880
773,-0.89,-0.51,-0.23,-52.16,4.85,-173.76,13233
774,-0.68,-0.64,-0.27,-53.33,5.96,-175.42,1903
775,-0.4,-0.9,-0.19,-52.25,5.18,-175.27,-9098
776,-0.07,-0.96,-0.14,-52.15,5.36,-176.32,-19376
777,0.22,-0.99,-0.13,-52.89,3.96,-174.92,-27155
778,0.51,-0.86,-0.06,-52.41,4.98,-174.95,-31876
779,0.75,-0.69,-0.03,-52.31,5.3,-176.89,-33227
780,0.94,-0.37,-0.01,-52.44,3.92,-177.91,-31181
781,0.97,-0.08,0.01,-51.89,4.4,-177.39,-25752
782,0.94,0.26,-0.02,-52.24,5.69,-175.56,-17403
783,0.86,0.57,0.04,-52.31,4.88,-175.02,-6527
784,0.64,0.81,0.03,-52.25,6.35,-174.02,4975
785,0.32,0.96,-0.08,-52.24,4.46,-173.26,26392
786,0.04,1.0,-0.09,-52.6,4.93,-171.21,34600
787,-0.29,0.94,-0.17,-52.24,5.6,-172.2,40395
788,-0.58,0.77,-0.19,-52.44,4.38,-171.09,42367
789,-0.77,0.58,-0.22,-52.31,4.97,-171.24,41042
790,-0.92,0.3,-0.26,-52.73,5.36,-170.48,36974
791,-0.99,-0.02,-0.23,-52.55,5.29,-168.95,29505
792,-0.93,-0.31,-0.23,-52.32,5.51,-169.04,19742
793,-0.84,-0.61,-0.28,-52.81,4.71,-170.74,8216
794,-0.63,-0.83,-0.26,-52.06,4.06,-170.82,-3064
795,-0.29,-0.94,-0.17,-52.65,5.69,-176.13,-13044
796,0.01,-0.93,-0.16,-52.1,4.14,-176.55,-22251
797,0.31,-0.96,-0.06,-52.61,5.13,-179.12,-28815
798,0.62,-0.87,0.0,-52.18,7.11,-181.32,-32532
799,0.82,-0.53,-0.11,-51.54,2.92,-184.36,-32705
800,0.99,-0.26,0.06,-52.07,5.63,-184.5,-29278
801,1.03,0.08,0.01,-52.7,6.68,-181.92,-22827
802,0.94,0.39,-0.01,-52.63,5.19,-179.62,-13523
803,0.73,0.65,0.01,-51.64,4.47,-177.35,-1903
804,0.51,0.86,-0.08,-52.55,6.21,-174.99,10224
805,0.18,1.01,-0.09,-52.03,5.06,-174.72,21259
806,-0.09,0.97,-0.09,-52.79,6.37,-174.21,37681
807,-0.44,0.85,-0.16,-52.39,5.21,-174.6,41835
808,-0.69,0.71,-0.23,-52.0,5.15,-173.91,42150
809,-0.87,0.42,-0.27,-52.04,5.36,-172.79,39031
810,-0.99,0.15,-0.28,-52.38,3.52,-171.69,32790
811,-0.99,-0.15,-0.32,-52.15,4.94,-170.69,23377
812,-0.85,-0.44,-0.22,-52.91,5.26,-172.24,12763
813,-0.69,-0.69,-0.25,-52.05,3.07,-172.95,1961
814,-0.42,-0.86,-0.17,-52.5,5.08,-176.15,-8895
815,-0.12,-1.05,-0.15,-52.15,4.53,-179.32,-19144
816,0.19,-0.99,-0.13,-52.34,4.53,-181.84,-27215
817,0.49,-0.87,-0.07,-52.23,4.66,-183.3,-31708
818,0.71,-0.72,-0.06,-52.47,4.5,-182.65,-32972
819,0.96,-0.38,-0.03,-52.44,4.83,-183.86,-30687
820,0.97,-0.03,-0.04,-51.89,4.66,-181.72,-24819
821,1.0,0.28,0.03,-51.79,5.61,-179.78,-16008
822,0.86,0.57,0.06,-52.43,5.34,-176.38,-5353
823,0.6,0.78,-0.08,-51.8,4.56,-174.89,7096
824,0.32,0.94,-0.08,-51.68,4.4,-174.98,18895
825,-0.0,0.98,-0.07,-52.11,6.31,-173.17,28372
826,-0.29,0.9,-0.07,-51.33,7.48,-173.82,36229
827,-0.58,0.79,-0.17,-51.69,5.31,-175.31,42392
828,-0.82,0.56,-0.21,-52.21,4.55,-175.51,40339
829,-0.95,0.23,-0.25,-52.34,5.22,-174.51,34924
830,-0.99,-0.06,-0.25,-52.36,5.39,-174.04,26766
831,-0.93,-0.37,-0.23,-52.4,7.06,-172.98,15781
832,-0.8,-0.65,-0.28,-51.89,2.28,-172.11,4264
833,-0.54,-0.88,-0.22,-52.45,5.11,-173.53,-7052
834,-0.25,-0.8,-0.14,-52.5,6.14,-175.58,-17198
835,0.08,-1.01,-0.11,-53.0,4.06,-174.99,-25552
836,0.39,-0.96,-0.05,-52.54,5.58,-173.98,-31019
837,0.68,-0.87,-0.03,-52.12,6.32,-173.5,-33220
838,0.87,-0.54,0.02,-52.18,5.79,-175.31,-31933
839,0.91,-0.22,-0.03,-52.14,4.84,-175.98,-27374
840,1.03,0.09,0.03,-52.27,3.39,-175.07,-20326
841,0.99,0.42,0.09,-52.3,6.52,-173.44,-10543
842,0.75,0.66,0.01,-52.04,6.53,-172.96,1388
843,0.5,0.85,-0.01,-52.42,4.21,-171.85,13210
844,0.21,0.94,-0.02,-52.35,5.92,-171.68,23203
845,-0.12,0.97,-0.12,-51.95,4.92,-171.27,31678
846,-0.36,0.82,-0.12,-52.18,4.42,-171.76,38331
847,-0.67,0.73,-0.23,-51.85,5.47,-172.44,41762
848,-0.88,0.49,-0.26,-51.05,4.31,-171.55,38837
849,-0.96,0.19,-0.24,-51.8,4.57,-170.49,32475
850,-0.97,-0.11,-0.26,-52.39,4.66,-169.36,23408
851,-0.92,-0.44,-0.27,-52.26,5.05,-168.44,12031
852,-0.72,-0.71,-0.26,-51.59,3.08,-166.92,1014
853,-0.53,-0.92,-0.22,-51.66,5.08,-169.21,-9435
854,-0.25,-1.02,-0.19,-51.53,4.71,-171.41,-18579
855,0.11,-1.07,-0.14,-51.4,5.81,-173.43,-26489
856,0.43,-0.97,-0.05,-52.12,6.11,-179.42,-31767
857,0.7,-0.75,-0.06,-51.94,2.88,-184.73,-32795
858,0.91,-0.45,0.03,-51.56,4.69,-187.02,-31322
859,0.95,-0.17,-0.02,-52.02,5.28,-185.94,-26389
860,1.06,0.2,0.08,-52.07,6.76,-184.91,-18000
861,0.89,0.52,0.06,-52.11,5.3,-181.93,-6827
862,0.62,0.7,-0.05,-52.31,2.18,-181.65,5674
863,0.37,0.95,-0.11,-51.69,2.83,-181.76,17318
864,0.0,1.02,-0.23,-51.74,5.51,-182.63,27353
865,-0.33,0.96,-0.18,-52.14,3.21,-183.63,35752
866,-0.59,0.79,-0.22,-51.79,6.37,-184.15,41105
867,-0.82,0.54,-0.23,-52.16,5.42,-183.33,42469
868,-0.94,0.25,-0.27,-52.13,4.21,-183.02,40037
869,-0.98,-0.1,-0.23,-51.85,5.72,-181.67,24774
870,-0.87,-0.42,-0.23,-51.96,5.71,-182.56,13499
871,-0.77,-0.68,-0.28,-51.72,3.3,-183.5,1262
872,-0.43,-1.05,-0.27,-51.5,4.48,-182.93,-10358
873,-0.12,-0.97,-0.18,-52.08,4.18,-186.99,-20444
874,0.22,-0.97,-0.11,-52.21,5.84,-187.31,-28370
875,0.51,-0.91,-0.15,-51.75,5.77,-185.34,-32491
876,0.77,-0.64,-0.07,-51.31,5.11,-187.27,-32735
877,1.0,-0.39,0.03,-51.44,6.35,-186.75,-29357
878,1.01,-0.02,0.03,-51.53,4.79,-185.55,-22079
879,0.95,0.31,-0.03,-51.64,3.73,-183.3,-12334
880,0.77,0.59,-0.04,-52.02,5.17,-181.96,-561
881,0.55,0.84,-0.05,-52.24,5.25,-179.73,11620
882,0.25,0.94,-0.07,-52.5,6.69,-176.76,22846
883,-0.06,0.99,-0.14,-52.02,4.85,-175.18,32347
884,-0.4,0.94,-0.19,-51.95,5.25,-172.98,38604
885,-0.67,0.74,-0.22,-52.42,5.6,-170.37,41590
886,-0.86,0.48,-0.23,-52.35,5.51,-169.78,41187
887,-0.97,0.19,-0.27,-52.44,5.39,-169.27,37672
888,-0.97,-0.11,-0.25,-52.53,5.27,-169.79,31270
889,-0.94,-0.39,-0.28,-52.34,4.16,-171.11,22139
890,-0.75,-0.68,-0.24,-51.89,4.4,-174.47,11251
891,-0.52,-0.85,-0.22,-52.33,5.24,-178.17,-10302
892,-0.2,-0.89,-0.2,-52.31,4.73,-179.96,-19835
893,0.1,-1.01,-0.14,-52.2,5.67,-180.71,-27848
894,0.41,-0.92,-0.11,-51.61,5.37,-182.74,-32068
895,0.74,-0.7,-0.03,-51.85,6.16,-184.46,-32811
896,0.84,-0.48,-0.07,-52.16,5.4,-184.37,-29922
897,0.98,-0.1,0.02,-51.92,5.59,-183.52,-23972
898,1.0,0.19,-0.03,-52.19,5.23,-180.43,-14633
899,0.82,0.51,-0.0,-52.57,4.85,-178.35,-2902
900,0.65,0.79,0.04,-52.71,4.37,-176.28,9342
901,0.33,0.93,-0.06,-52.23,5.9,-176.87,20480
902,0.02,1.05,-0.13,-52.02,5.13,-175.38,30417
903,-0.27,0.93,-0.16,-52.21,4.44,-175.83,37507
904,-0.6,0.85,-0.22,-51.98,5.27,-177.5,41510
905,-0.79,0.58,-0.25,-52.29,4.91,-176.82,42366
906,-0.95,0.29,-0.28,-51.75,4.26,-175.66,39440
907,-0.98,-0.05,-0.24,-52.28,5.87,-175.76,33255
908,-0.91,-0.35,-0.26,-52.02,5.08,-176.39,24105
909,-0.79,-0.62,-0.23,-52.09,4.73,-177.33,13029
910,-0.55,-0.83,-0.21,-52.48,5.19,-178.47,956
911,-0.24,-1.02,-0.2,-51.7,4.03,-178.53,-10213
912,0.11,-1.06,-0.09,-52.5,5.61,-181.04,-27743
913,0.37,-1.02,-0.1,-51.4,3.7,-179.53,-31881
914,0.65,-0.79,-0.05,-52.03,5.24,-179.4,-32973
915,0.92,-0.53,-0.01,-52.02,5.4,-179.25,-30479
916,0.99,-0.22,0.07,-51.69,5.53,-179.16,-24619
917,0.99,0.12,0.03,-51.94,3.69,-177.82,-15664
918,0.88,0.46,-0.01,-52.19,4.39,-173.7,-4258
919,0.74,0.69,0.05,-52.27,6.7,-171.27,7408
920,0.46,0.85,-0.04,-52.5,4.51,-170.21,18195
921,0.14,0.95,-0.11,-52.33,4.66,-169.34,28132
922,-0.16,1.02,-0.18,-52.35,4.3,-170.19,36041
923,-0.45,0.87,-0.22,-51.85,6.74,-172.6,40724
924,-0.7,0.72,-0.22,-52.56,4.36,-172.91,42438
925,-0.91,0.44,-0.28,-52.14,3.76,-174.46,40655
926,-0.99,0.13,-0.27,-52.08,4.71,-174.47,35706
927,-1.0,-0.16,-0.32,-51.88,4.6,-174.06,28023
928,-0.84,-0.47,-0.27,-52.01,4.08,-175.18,17859
929,-0.66,-0.66,-0.21,-52.64,6.64,-178.95,6366
930,-0.42,-0.91,-0.21,-51.86,4.28,-179.08,-5428
931,-0.07,-1.02,-0.18,-52.08,5.26,-182.78,-15711
932,0.25,-1.01,-0.1,-51.75,5.89,-183.82,-24464
933,0.55,-0.84,-0.09,-51.96,4.0,-183.29,-33017
934,0.77,-0.6,-0.01,-52.09,5.52,-184.73,-32006
935,0.92,-0.3,-0.02,-51.87,3.52,-183.63,-27183
936,0.96,-0.01,-0.01,-51.34,3.57,-180.47,-19168
937,0.91,0.33,0.04,-52.12,5.32,-177.55,-8782
938,0.8,0.59,0.01,-52.61,4.95,-174.84,3175
939,0.57,0.82,-0.04,-52.05,4.25,-171.24,15399
940,0.23,0.96,-0.12,-52.17,3.73,-167.79,25665
941,-0.08,0.99,-0.14,-52.23,4.95,-165.83,33519
942,-0.35,0.98,-0.17,-52.12,5.69,-165.42,39387
943,-0.59,0.8,-0.21,-52.44,4.12,-166.27,42206
944,-0.79,0.58,-0.21,-52.23,5.15,-166.22,41687
945,-0.96,0.31,-0.28,-52.75,4.97,-164.82,38254
946,-1.0,-0.0,-0.28,-52.4,4.11,-163.95,31629
947,-0.96,-0.28,-0.25,-52.72,4.77,-163.39,22640
948,-0.8,-0.57,-0.25,-52.92,4.75,-163.21,11915
949,-0.56,-0.71,-0.22,-52.6,4.73,-160.63,969
950,-0.43,-0.95,-0.2,-53.01,4.53,-156.24,-9546
951,-0.18,-1.13,-0.18,-53.83,3.72,-133.82,-18843
952,0.02,-1.11,-0.16,-55.44,3.24,-76.25,-26586
953,0.12,-0.97,-0.13,-55.45,3.23,-53.52,-32434
954,0.26,-0.94,-0.12,-55.55,2.98,-78.15,-37312
955,0.41,-0.86,-0.09,-54.21,4.51,-100.56,-32310
956,0.52,-0.91,-0.06,-55.82,3.6,-51.1,-30106
957,0.55,-0.84,-0.06,-57.37,2.73,1.83,-30547
958,0.55,-0.8,-0.07,-57.12,2.81,-5.98,-32256
959,0.55,-0.8,-0.06,-57.28,2.88,-10.66,-29010
960,0.57,-0.8,-0.07,-57.25,2.83,0.82,-25454
961,0.57,-0.78,-0.06,-57.71,2.6,-0.58,-25479
962,0.57,-0.79,-0.07,-57.39,2.82,0.11,-26056
963,0.57,-0.77,-0.06,-57.45,2.96,-1.29,-25488
964,0.57,-0.78,-0.06,-57.56,2.82,-4.62,-25312
965,0.6,-0.71,-0.06,-55.78,3.15,-39.58,-25178
966,0.68,-0.72,-0.04,-55.82,3.56,-53.16,-24397
967,0.73,-0.67,-0.03,-56.77,3.33,-32.38,-21997
968,0.73,-0.59,-0.04,-57.56,2.66,1.47,-21507
969,0.74,-0.6,-0.02,-57.28,2.77,0.48,-22442
970,0.73,-0.61,-0.04,-57.5,2.59,0.91,-21903
971,0.74,-0.61,-0.03,-57.48,2.73,0.34,-19174
972,0.74,-0.61,-0.04,-57.25,2.69,0.44,-18357
973,0.74,-0.6,-0.04,-57.59,2.76,0.47,-18436
974,0.74,-0.61,-0.04,-57.4,2.71,0.33,-18560
975,0.73,-0.6,-0.04,-57.28,2.82,0.28,-18667
976,0.74,-0.61,-0.04,-57.88,2.82,0.6,-18608
977,0.73,-0.61,-0.04,-57.44,2.69,0.27,-18627
978,0.73,-0.61,-0.03,-57.6,2.79,0.44,-18632
979,0.73,-0.61,-0.04,-57.37,2.55,0.43,-18586
980,0.73,-0.6,-0.03,-57.61,2.76,0.39,-18631
981,0.77,-0.67,-0.01,-57.37,3.37,0.79,-18662
982,0.74,-0.61,-0.03,-57.18,2.72,0.42,-18640
983,0.73,-0.61,-0.03,-57.37,2.62,0.33,-18610
984,0.74,-0.61,-0.04,-57.24,2.56,0.31,-18646
985,0.74,-0.6,-0.04,-57.31,2.76,0.28,-18611
986,0.74,-0.61,-0.03,-57.31,2.66,0.31,-18593
987,0.73,-0.6,-0.03,-57.6,2.76,0.29,-18655
988,0.73,-0.61,-0.04,-57.53,2.95,0.27,-18671
989,0.74,-0.61,-0.03,-57.36,2.7,0.38,-18683
990,0.73,-0.61,-0.04,-57.16,2.79,0.47,-18676
991,0.72,-0.64,-0.04,-57.5,2.99,0.56,-18670
992,0.73,-0.6,-0.03,-57.42,2.72,0.54,-18644
993,0.74,-0.61,-0.03,-57.25,2.64,0.29,-18711
994,0.73,-0.61,-0.03,-57.34,2.53,0.49,-18753
995,0.73,-0.58,-0.04,-57.47,2.23,0.08,-18707
996,0.73,-0.61,-0.04,-57.66,2.56,0.3,-18665
997,0.7,-0.6,-0.05,-57.38,2.24,0.49,-18693
998,0.73,-0.6,-0.03,-57.29,2.63,0.39,-18639
999,0.73,-0.6,-0.03,-57.1,2.75,0.4,-18623
1000,0.73,-0.6,-0.03,-57.37,2.57,0.3,-18655
1001,0.73,-0.61,-0.04,-57.2,2.73,0.35,-18653
1002,0.74,-0.61,-0.04,-56.92,2.68,0.22,-18654
1003,0.73,-0.61,-0.04,-57.44,2.8,0.37,-18639
1004,0.73,-0.6,-0.03,-57.63,2.92,0.44,-18665
1005,0.73,-0.61,-0.03,-57.34,2.69,0.53,-18660
1006,0.74,-0.6,-0.03,-57.27,2.69,0.4,-18680
1007,0.74,-0.61,-0.04,-57.66,2.79,0.38,-18709
1008,0.73,-0.61,-0.03,-57.4,2.79,0.52,-18633
1009,0.73,-0.6,-0.03,-56.94,2.6,0.52,-18674
1010,0.74,-0.61,-0.02,-57.37,2.81,0.41,-18734
1011,0.73,-0.61,-0.04,-57.05,2.58,0.39,-18780
1012,0.73,-0.61,-0.03,-57.27,2.65,0.48,-18728
1013,0.74,-0.61,-0.03,-57.24,2.69,0.31,-18655
1014,0.74,-0.61,-0.03,-57.19,2.72,0.4,-18677
1015,0.74,-0.61,-0.03,-57.11,2.71,0.29,-18671
1016,0.74,-0.61,-0.04,-57.53,2.63,0.4,-18748
1017,0.73,-0.61,-0.04,-57.11,2.79,0.52,-18713
1018,0.74,-0.61,-0.02,-57.5,2.82,0.37,-18738
1019,0.74,-0.61,-0.03,-57.66,2.51,0.28,-18733
1020,0.74,-0.61,-0.04,-57.01,2.69,0.34,-18741
1021,0.73,-0.6,-0.04,-57.53,2.69,0.34,-18745
1022,0.73,-0.6,-0.03,-57.11,2.79,0.46,-18774
1023,0.74,-0.61,-0.03,-57.02,2.63,0.37,-18784
1024,0.74,-0.61,-0.03,-57.51,2.67,0.36,-18807
1025,0.74,-0.61,-0.04,-57.44,2.67,0.21,-18837
1026,0.74,-0.6,-0.03,-57.44,2.69,0.37,-18807
1027,0.74,-0.6,-0.03,-57.27,2.92,0.36,-18793
1028,0.73,-0.61,-0.03,-57.4,2.66,0.4,-18755
1029,0.74,-0.61,-0.03,-57.23,2.71,0.47,-18787
1030,0.74,-0.6,-0.04,-57.25,2.82,0.46,-18854
1031,0.74,-0.6,-0.03,-57.08,2.73,0.45,-18892
1032,0.73,-0.6,-0.03,-56.87,2.63,0.52,-18904
1033,0.74,-0.6,-0.03,-57.28,2.7,0.41,-18856
1034,0.74,-0.6,-0.03,-57.24,2.67,0.47,-18892
1035,0.73,-0.6,-0.03,-57.05,2.65,0.43,-18919
1036,0.74,-0.61,-0.03,-57.31,2.73,0.31,-18901
1037,0.73,-0.61,-0.03,-57.37,2.79,0.26,-18889
1038,0.73,-0.61,-0.03,-57.45,2.62,0.43,-18920
1039,0.74,-0.61,-0.04,-57.1,2.71,0.46,-18920
1040,0.74,-0.6,-0.03,-57.13,2.83,0.4,-18953
1041,0.73,-0.61,-0.03,-57.27,2.77,0.41,-18982
1042,0.73,-0.6,-0.04,-57.13,2.73,0.34,-18931
1043,0.74,-0.61,-0.03,-57.15,2.67,0.31,-18834
1044,0.73,-0.61,-0.04,-57.24,2.9,0.28,-18776
1045,0.74,-0.6,-0.03,-57.28,2.68,0.33,-18828
1046,0.74,-0.61,-0.03,-57.08,2.72,0.36,-18902
1047,0.73,-0.61,-0.04,-57.31,2.8,0.31,-18918
1048,0.74,-0.61,-0.03,-57.21,2.67,0.53,-18837
1049,0.74,-0.61,-0.04,-57.27,2.61,0.25,-18854
1050,0.74,-0.61,-0.04,-57.3,2.82,0.31,-18947
1051,0.74,-0.61,-0.03,-56.86,2.78,0.44,-18935
1052,0.74,-0.61,-0.04,-57.2,2.69,0.38,-18946
1053,0.74,-0.61,-0.03,-57.04,2.68,0.43,-18914
1054,0.74,-0.6,-0.04,-57.31,2.69,0.32,-18927
1055,0.74,-0.61,-0.03,-58.0,2.76,0.24,-18945
1056,0.74,-0.61,-0.03,-57.39,2.71,0.38,-18932
